GyroX,GyroY,GyroZ,Thumb,Index,Middle,Ring,Pinky,Gesture
0,0,0,12716,28555,34660,29274,11957,5
0,0,0,12690,28470,34412,29187,11906,5
0,0,0,12716,28385,34235,28955,11906,5
0,0,0,12716,28385,33956,28984,11868,5
0,0,0,12703,28217,33748,28869,11804,5
0,0,0,12636,28189,33645,28955,11728,5
0,0,0,12690,28133,33576,28840,11703,5
0,0,0,12649,28077,33474,28898,11703,5
0,0,0,12636,28049,33439,28840,11703,5
0,0,0,12596,27966,33439,28927,11628,5
0,0,0,12556,27939,33371,29013,11615,5
0,0,0,12530,27911,33202,28869,11628,5
0,0,0,12543,27828,32999,28783,11565,5
0,0,0,12477,27041,31720,28133,11528,5
0,0,0,12477,26882,31561,27939,11565,5
0,0,0,12424,26670,31056,27609,11628,5
0,0,0,12372,27636,32666,28329,11804,5
0,0,0,12280,28133,33303,28640,11970,5
0,0,0,12293,27745,32467,28498,11881,5
0,0,0,12267,27364,31688,28301,11716,5
0,0,0,12215,27229,31434,28133,11678,5
0,0,0,12267,27256,31465,28161,11665,5
0,0,0,12267,27310,31752,28133,11691,5
0,0,0,12215,27418,32010,28329,11703,5
0,0,0,12176,27472,31978,28301,11665,5
0,0,0,12163,27391,31752,28301,11703,5
0,0,0,12009,27527,31785,28273,11603,5
0,0,0,11957,27391,31720,28245,11615,5
0,0,0,11957,27256,31688,28245,11603,5
0,0,0,11970,27068,31624,28161,11640,5
0,0,0,12009,27095,31529,28245,11741,5
0,0,0,12009,26935,31339,28133,11665,5
0,0,0,11970,26882,31213,28049,11703,5
0,0,0,11957,26776,31213,28077,11653,5
0,0,0,12073,26749,31150,27994,11628,5
0,0,0,12124,26644,30931,27966,11615,5
0,0,0,12150,26592,30838,28022,11653,5
0,0,0,12215,26618,30838,27966,11640,5
0,0,0,12228,26566,30838,27939,11615,5
0,0,0,12267,26644,30838,27911,11678,5
0,0,0,12215,26592,30869,27856,11665,5
0,0,0,12228,26566,30838,27828,11678,5
0,0,0,12215,26539,30745,27856,11653,5
0,0,0,12189,26592,30900,27800,11603,5
0,0,0,12215,26566,30869,27883,11565,5
0,0,0,12228,26487,30869,27800,11603,5
0,0,0,12176,26566,30994,27911,11565,5
0,0,0,12176,26670,31244,27883,11565,5
0,0,0,12202,26566,31213,27883,11603,5
0,0,0,12530,26566,31119,27828,11565,5
0,0,0,14444,26513,30994,27718,11553,5
0,0,0,17634,26566,31025,27718,11528,5
0,0,0,18783,26566,30869,27745,11465,5
0,0,0,17547,26697,31119,27966,11453,5
0,0,0,15694,26908,31402,28133,11231,5
0,0,0,13978,27148,31913,28357,11206,5
0,0,0,12743,27148,32173,28640,11109,5
0,0,0,12073,26988,32140,28726,11121,5
0,0,0,11906,26961,32140,28697,11096,5
0,0,0,11072,27856,33303,29865,11157,5
0,0,0,10441,28726,34553,30591,11366,5
0,0,0,10209,29158,35018,30869,11553,5
0,0,0,9912,28984,34235,30256,11603,5
0,0,0,9946,28498,33611,29775,11565,5
0,0,0,10140,28022,32666,29391,11416,5
0,0,0,10546,27745,32369,28984,11453,5
0,0,0,10653,27527,31913,28583,11553,5
0,0,0,10879,27773,32566,28470,11970,5
0,0,0,11012,27911,32633,28414,12086,5
0,0,0,11012,27283,31720,28189,11817,5
0,0,0,11072,26882,31529,27939,11754,5
0,0,0,11231,26461,31087,27718,11703,5
0,0,0,11182,26228,30776,27527,11728,5
0,0,0,11304,26124,30561,27095,12112,5
0,0,0,11490,26228,30530,27015,12610,5
0,0,0,11465,26305,30530,26935,13205,5
0,0,0,11817,26253,30499,26855,13122,5
0,0,0,12945,26228,30499,26802,13707,5
0,0,0,16076,26176,30469,26855,13849,5
0,0,0,16060,26228,30499,26882,13735,5
0,0,0,16109,26279,30469,26776,13594,5
0,0,0,16060,26202,30469,26776,13524,5
0,0,0,16615,26202,30499,26802,13454,5
0,0,0,16748,26228,30499,26776,13454,5
0,0,0,16368,26279,30530,26829,13426,5
0,0,0,16352,26202,30499,26723,13482,5
0,0,0,16238,26253,30530,26776,13468,5
0,0,0,16565,26202,30469,26802,13608,5
0,0,0,16765,26253,30530,26855,13849,5
0,0,0,17289,26124,30408,26776,13806,5
0,0,0,17016,26124,30469,26802,13735,5
0,0,0,17084,26099,30438,26829,13821,5
0,0,0,17827,26124,30347,26829,13707,5
0,0,0,17880,26124,30408,26829,13679,5
0,0,0,17617,26099,30408,26723,13650,5
0,0,0,17237,26124,30469,26776,13454,5
0,0,0,16222,26124,30408,26935,12690,5
0,0,0,14922,26099,30317,26855,12228,5
0,0,0,13218,26099,30408,26988,11970,5
0,0,0,11628,26124,30347,27229,11868,5
0,0,0,10771,26022,30347,27202,11804,5
0,0,0,10582,26022,30317,27148,11804,5
0,0,0,10546,25996,30286,27148,11804,5
0,0,0,10724,26099,30256,27095,11804,5
0,0,0,11453,25945,30105,26961,11804,5
0,0,0,11653,25641,29391,26618,11716,5
0,0,0,11653,25691,29216,26513,11766,5
0,0,0,11528,25894,30015,26882,11804,5
0,0,0,11553,26305,30715,27499,11716,5
0,0,0,11366,26305,31402,27499,11540,5
0,0,0,11341,26305,31402,27581,11503,5
0,0,0,11354,26802,32205,28329,11453,5
0,0,0,11503,27310,33168,28955,11565,5
0,0,0,11540,28049,34412,29865,11553,5
0,0,0,11553,28470,35018,30226,11553,5
0,0,0,11665,28245,33887,29627,11565,5
0,0,0,11653,28133,33371,29450,11553,5
0,0,0,11653,27911,33100,29304,11465,5
0,0,0,11665,27310,32633,28840,11453,5
0,0,0,11703,26961,32173,28329,11553,5
0,0,0,11716,26935,32173,28329,11578,5
0,0,0,12477,26935,32173,28217,11665,5
0,0,0,12385,27041,32369,28245,11628,5
0,0,0,14282,26882,32173,28077,11703,5
0,0,0,16093,26749,31946,27939,11779,5
0,0,0,16615,26644,31881,27828,11842,5
0,0,0,16615,26566,31881,27883,11932,5
0,0,0,16093,26513,31720,27691,11932,5
0,0,0,15647,26513,31720,27636,11957,5
0,0,0,15852,26357,31465,27581,11804,5
0,0,0,15710,26176,30745,27418,11779,5
0,0,0,15553,25996,30591,27527,11665,5
0,0,0,15366,25818,30226,27472,11565,5
0,0,0,15584,25691,29835,27499,11565,5
0,0,0,15584,25591,29805,27391,11603,5
0,0,0,15490,25591,29775,27364,11678,5
0,0,0,15412,25591,29686,27364,11615,5
0,0,0,15335,25591,29686,27283,11565,5
0,0,0,15273,25540,29657,27310,11578,5
0,0,0,15227,25540,29686,27364,11553,5
0,0,0,15181,25515,29657,27283,11578,5
0,0,0,15150,25515,29627,27283,11553,5
0,0,0,15058,25465,29657,27283,11528,5
0,0,0,15043,25490,29627,27283,11553,5
0,0,0,15028,25490,29657,27256,11553,5
0,0,0,14997,25540,29627,27202,11528,5
0,0,0,15043,25415,29627,27175,11553,5
0,0,0,14967,25415,29568,27122,11503,5
0,0,0,14952,25390,29657,27095,11453,5
0,0,0,14922,25390,29627,27095,11453,5
0,0,0,14861,25390,29627,27068,11428,5
0,0,0,14846,25365,29568,27095,11403,5
0,0,0,14726,25390,29538,27095,11317,5
0,0,0,14696,25415,29538,27068,11317,5
0,0,0,14666,25390,29568,27041,11329,5
0,0,0,14741,25390,29568,26988,11341,5
0,0,0,14681,25316,29509,26961,11329,5
0,0,0,14577,25216,29333,26802,11329,5
0,0,0,14429,25192,29333,26802,11354,5
0,0,0,13552,25216,29274,26776,11379,5
0,0,0,12228,25216,29304,26829,11366,5
0,0,0,10975,25216,29391,26829,11341,5
0,0,0,10546,25691,30165,27041,11231,5
0,0,0,10535,25894,30530,27202,11157,5
0,0,0,10441,26022,30838,27499,11121,5
0,0,0,10406,26305,31339,27691,11036,5
0,0,0,10371,26202,31276,27800,11036,5
0,0,0,10313,26099,31087,27636,11012,5
0,0,0,10117,25920,30684,27581,11060,5
0,0,0,9856,25818,30591,27472,11036,5
0,0,0,9856,25920,30653,27418,11060,5
0,0,0,9856,25894,30591,27391,11109,5
0,0,0,9890,25894,30622,27445,11194,5
0,0,0,10255,25971,30530,27256,11206,5
0,0,0,10359,25945,30408,27068,11206,5
0,0,0,10418,25971,30622,27041,11170,5
0,0,0,10535,26150,30745,27068,11170,5
0,0,0,10499,26228,30807,26935,11182,5
0,0,0,10488,26279,30807,26935,11255,5
0,0,0,10546,26202,30745,26935,11206,5
0,0,0,10546,26124,30591,26988,11268,5
0,0,0,10546,26150,30591,26935,11366,5
0,0,0,10915,26047,30347,26961,11754,5
0,0,0,11268,25996,30377,26776,11957,5
0,0,0,11553,26047,30347,26749,12150,5
0,0,0,11628,25894,30438,26829,12385,5
0,0,0,11565,25843,30317,26776,12851,5
0,0,0,11553,25843,30256,26723,13735,5
0,0,0,11515,25843,30226,26855,13849,5
0,0,0,11453,25767,30347,26723,13232,5
0,0,0,11366,25742,30286,26829,12743,5
0,0,0,11341,25818,30165,26644,12372,5
0,0,0,11255,25691,30045,26644,12215,5
0,0,0,11219,25691,30165,26566,12583,5
0,0,0,11219,25717,30105,26592,13122,5
0,0,0,11255,25717,30075,26566,13735,5
0,0,0,11231,25591,29984,26723,13949,5
0,0,0,11219,25515,30045,26644,14021,5
0,0,0,11206,25540,30045,26618,13892,5
0,0,0,11231,25691,30105,26644,13792,5
0,0,0,11280,25691,29925,26618,13482,5
0,0,0,11194,25341,29627,26150,13287,5
0,0,0,11157,24034,27283,24223,12851,5
0,0,0,11084,22532,25415,22357,12596,5
0,0,0,11060,21818,24654,21291,12690,5
0,0,0,11133,20899,23316,20117,12676,5
0,0,0,11060,19458,21500,18875,12596,5
0,0,0,10963,17513,19043,17016,12490,5
0,0,0,10748,16632,17933,16287,12372,5
0,0,0,10582,18968,21333,18344,12189,5
0,0,0,10488,24152,27609,24011,12021,5
0,0,0,10406,27636,32832,29129,11970,5
0,0,0,10394,29071,35602,31276,12073,5
0,0,0,10394,30015,36462,31561,11983,5
0,0,0,10418,30195,36310,31497,11932,5
0,0,0,10359,30165,36499,31434,11970,5
0,0,0,10406,30438,36690,31497,11957,5
0,0,0,10406,30684,36998,31561,11957,5
0,0,0,10371,30684,37075,31434,12060,5
0,0,0,10394,30715,37347,31213,12176,5
0,0,0,10406,30622,37269,30962,12176,5
0,0,0,10394,30469,37036,30653,12189,5
0,0,0,10383,30469,36882,30530,12150,5
0,0,0,10359,30195,36652,30408,12176,5
0,0,0,10406,30226,36576,30226,12176,5
0,0,0,10441,29955,36538,29984,12124,5
0,0,0,10488,29865,36235,29835,12124,5
0,0,0,10499,29865,36160,29746,12073,5
0,0,0,10499,29775,35898,29686,11983,5
0,0,0,10499,29657,35824,29686,11983,5
0,0,0,10523,29597,35861,29805,11970,5
0,0,0,10453,29627,35898,29657,11906,5
0,0,0,10535,29568,35712,29746,11906,5
0,0,0,10511,29686,35712,29746,11804,5
0,0,0,10453,29627,35712,29686,11804,5
0,0,0,10313,29627,35676,29686,11741,5
0,0,0,10174,29509,35602,29746,11728,5
0,0,0,10186,29597,35565,29686,11716,5
0,0,0,10003,29100,34553,29775,11716,5
0,0,0,10083,28583,33714,30015,11703,5
0,0,0,10140,28414,33576,29925,11703,5
0,0,0,10140,28161,33067,29391,11691,5
0,0,0,10174,27911,32699,29158,11665,5
0,0,0,10197,27527,32336,29129,11678,5
0,0,0,10359,27527,32336,28927,11665,5
0,0,0,10394,27527,32369,28812,11653,5
0,0,0,10394,27499,32402,28726,11665,5
0,0,0,10394,27472,32402,28697,11678,5
0,0,0,10394,27499,32336,28612,11678,5
0,0,0,10418,27472,32369,28555,11678,5
0,0,0,10406,27391,32271,28583,11603,5
0,0,0,10383,27391,32271,28640,11453,5
0,0,0,10418,27418,32238,28640,11354,5
0,0,0,10429,27391,32173,28612,11304,5
0,0,0,10348,27418,32205,28697,11268,5
0,0,0,10267,27472,32303,28612,11280,5
0,0,0,10163,27445,32271,28697,11304,5
0,0,0,10117,27337,32238,28640,11268,5
0,0,0,10129,27472,32238,28669,11255,5
0,0,0,10071,27391,32140,28583,11268,5
0,0,0,10037,27364,32173,28527,11255,5
0,0,0,10026,27364,32010,28527,11268,5
0,0,0,10140,27364,32205,28527,11304,5
0,0,0,10117,27310,32205,28470,11268,5
0,0,0,10163,27418,32271,28498,11304,5
0,0,0,10129,27337,32205,28414,11304,5
0,0,0,10209,27391,32303,28442,11317,5
0,0,0,10071,27283,32238,28442,11304,5
0,0,0,10163,27337,32238,28414,11317,5
0,0,0,10174,27256,32238,28414,11329,5
0,0,0,10267,27229,32238,28470,11329,5
0,0,0,10348,27337,32140,28357,11354,5
0,0,0,10348,27256,32108,28385,11366,5
0,0,0,10406,27256,32173,28385,11354,5
0,0,0,10394,27256,32140,28357,11354,5
0,0,0,10406,27202,32173,28357,11354,5
0,0,0,10418,27256,32108,28357,11366,5
0,0,0,10453,27256,32173,28414,11379,5
0,0,0,10441,27202,32140,28357,11366,5
0,0,0,10488,27202,32075,28357,11428,5
0,0,0,10488,27202,32140,28357,11354,5
0,0,0,10499,27310,32108,28414,11428,5
0,0,0,10546,27175,32108,28301,11403,5
0,0,0,10641,27175,32108,28301,11379,5
0,0,0,10641,27148,32108,28301,11366,5
0,0,0,10771,27202,32108,28329,11403,5
0,0,0,11024,26935,32010,28385,11440,5
0,0,0,11304,26908,31849,28385,11440,5
0,0,0,11453,26829,31785,28527,11428,5
0,0,0,11478,26776,31720,28527,11403,5
0,0,0,11465,26723,31497,27966,11416,5
0,0,0,11403,26566,31402,27745,11465,5
0,0,0,11317,26749,31720,27828,11453,5
0,0,0,11304,27256,32533,28049,11603,5
0,0,0,11280,27581,33033,28301,11653,5
0,0,0,11280,27663,33168,28301,11703,5
0,0,0,11255,27391,32799,28273,11665,5
0,0,0,11219,27364,32732,28245,11615,5
0,0,0,11243,27445,32899,28133,11603,5
0,0,0,11779,27364,32899,28133,11578,5
0,0,0,13232,27283,32765,28133,11615,5
0,0,0,13693,27283,32666,28049,11565,5
0,0,0,14036,27283,32732,28049,11628,5
0,0,0,14195,27175,32666,28077,11881,5
0,0,0,14195,27148,32533,28049,11906,5
0,0,0,14151,27148,32566,28022,12073,5
0,0,0,13935,27068,32369,27939,12189,5
0,0,0,13665,26988,32238,27883,12073,5
0,0,0,13622,26935,32108,27883,12009,5
0,0,0,13566,26882,31978,27718,11957,5
0,0,0,13510,26908,31849,27691,11817,5
0,0,0,13538,26855,31913,27636,11792,5
0,0,0,13566,26802,31720,27691,11779,5
0,0,0,14050,26749,31752,27636,11779,5
0,0,0,14666,26776,31720,27581,11754,5
0,0,0,15537,26670,31720,27527,11779,5
0,0,0,15335,26644,31593,27581,11754,5
0,0,0,14861,26618,31497,27636,11779,5
0,0,0,14547,26618,31497,27581,11779,5
0,0,0,14385,26618,31497,27636,11766,5
0,0,0,14370,26670,31497,27609,11804,5
0,0,0,14311,26566,31434,27581,11932,5
0,0,0,14253,26566,31529,27472,12047,5
0,0,0,14268,26566,31497,27499,11996,5
0,0,0,14503,26539,31465,27418,11957,5
0,0,0,14726,26566,31402,27337,12021,5
0,0,0,15288,26513,31434,27283,11970,5
0,0,0,15227,26513,31402,27283,11983,5
0,0,0,15196,26566,31339,27256,11957,5
0,0,0,15181,26513,31339,27283,11957,5
0,0,0,14997,26487,31339,27283,11932,5
0,0,0,14967,26513,31339,27283,11944,5
0,0,0,14982,26487,31276,27229,11932,5
0,0,0,14982,26435,31213,27256,11970,5
0,0,0,15028,26435,31339,27256,11881,5
0,0,0,14967,26461,31150,27148,11906,5
0,0,0,14997,26435,31087,27095,11932,5
0,0,0,14922,26357,30994,27068,11906,5
0,0,0,14922,26435,30994,26988,11881,5
0,0,0,14922,26461,31056,26988,11881,5
0,0,0,14967,26409,31087,27041,11881,5
0,0,0,14876,26357,30994,26988,11868,5
0,0,0,14801,26357,30962,26988,11932,5
0,0,0,14846,26409,30962,26988,11932,5
0,0,0,14922,26409,30962,26935,12034,5
0,0,0,14937,26409,31056,26855,12034,5
0,0,0,14907,26383,30994,26882,12009,5
0,0,0,14922,26331,30900,26908,12060,5
0,0,0,14801,26409,30994,26855,12060,5
0,0,0,14786,26383,30962,26829,12112,5
0,0,0,14786,26357,30931,26882,12112,5
0,0,0,14547,26409,31087,26855,12060,5
0,0,0,12438,26513,31276,27041,12060,5
0,0,0,11145,26670,31434,27148,11983,5
0,0,0,10546,26882,31624,27229,11817,5
0,0,0,10117,26776,31497,27256,11565,5
0,0,0,9890,26855,31593,27229,11440,5
0,0,0,9890,27041,31817,27256,11329,5
0,0,0,9477,27041,32043,27391,11231,5
0,0,0,9097,27095,31978,27364,11182,5
0,0,0,8736,26988,31881,27418,11133,5
0,0,0,8653,26935,31785,27391,11109,5
0,0,0,8674,26935,31593,27229,11133,5
0,0,0,8810,26802,31529,27202,11182,5
0,0,0,8980,26723,31402,27068,11206,5
0,0,0,9237,26802,31434,27068,11255,5
0,0,0,9357,26697,31307,27041,11268,5
0,0,0,9588,26697,31370,26988,11379,5
0,0,0,9766,26644,31244,26908,11754,5
0,0,0,9890,26618,31181,26855,11881,5
0,0,0,10071,26670,31244,26776,11970,5
0,0,0,10174,26618,31244,26776,12009,5
0,0,0,10267,26566,31244,26829,12009,5
0,0,0,10290,26566,31025,26988,12009,5
0,0,0,10301,26539,30994,27095,11881,5
0,0,0,10313,26409,30838,26908,11728,5
0,0,0,10313,26487,30684,26749,11665,5
0,0,0,10313,26150,30408,26566,11565,5
0,0,0,10348,26150,30347,26566,11515,5
0,0,0,10313,26150,30317,26566,11465,5
0,0,0,10348,26022,30226,26618,11453,5
0,0,0,10359,26253,30776,27256,11465,5
0,0,0,10359,26592,31213,27554,11428,5
0,0,0,10348,26539,31150,27445,11366,5
0,0,0,10348,26435,30838,27256,11329,5
0,0,0,10325,26383,30745,27148,11268,5
0,0,0,10348,26566,31276,27391,11354,5
0,0,0,10383,27148,32402,27856,11553,5
0,0,0,11048,27068,32173,27773,11603,5
0,0,0,11640,26908,31978,27581,11628,5
0,0,0,12150,26829,31688,27391,11665,5
0,0,0,12176,26150,30347,27391,11565,5
0,0,0,12346,26124,30226,27364,11553,5
0,0,0,12663,26461,31025,27310,11615,5
0,0,0,12756,26988,32010,27337,11653,5
0,0,0,12743,27148,32500,27418,11703,5
0,0,0,12756,27256,32765,27391,11716,5
0,0,0,12730,27202,32765,27283,11754,5
0,0,0,12543,27148,32899,27283,11754,5
0,0,0,12490,27256,32765,27256,11766,5
0,0,0,12424,27310,32999,27148,11754,5
0,0,0,12385,27310,32899,27148,11766,5
0,0,0,12424,27256,32899,27256,11754,5
0,0,0,12424,27256,32932,27256,11779,5
0,0,0,12424,27256,33033,27068,11804,5
0,0,0,12241,27418,33033,25591,11766,5
0,0,0,12009,27581,33303,21064,11881,5
0,0,0,12009,27636,33371,21860,11970,5
0,0,0,12009,27718,33748,22754,12649,5
0,0,0,12034,27718,33783,23964,12945,5
0,0,0,12073,27691,33921,24702,12663,5
0,0,0,12124,27609,33783,24630,12530,5
0,0,0,12189,27636,33714,24606,12477,5
0,0,0,12280,27609,33956,24606,12490,5
0,0,0,12320,27581,33852,24630,12530,5
0,0,0,12372,27581,33576,24534,12490,5
0,0,0,12346,27636,33439,24223,12438,5
0,0,0,12398,27472,33439,24129,12385,5
0,0,0,12411,27391,33303,23964,12320,5
0,0,0,12372,27445,33269,23615,12280,5
0,0,0,12424,27445,33202,22843,12215,5
0,0,0,12385,27364,33236,22687,12176,5
0,0,0,12438,27337,33303,22731,12215,5
0,0,0,12372,27418,33439,22932,12228,5
0,0,0,12346,27418,33474,23225,12424,5
0,0,0,12267,27418,33576,23339,12451,5
0,0,0,12137,27418,33645,23385,12424,5
0,0,0,11957,27527,33576,23661,12346,5
0,0,0,11665,27527,33405,23870,12241,5
0,0,0,11453,27499,33439,23940,12215,5
0,0,0,11366,27364,33303,23964,12060,5
0,0,0,11219,27283,33303,24129,11868,5
0,0,0,10927,27418,33236,24058,11817,5
0,0,0,10700,27283,33303,24011,11754,5
0,0,0,10594,27391,33202,23964,11716,5
0,0,0,10546,27283,33100,23870,11716,5
0,0,0,10594,27283,32899,23615,12009,5
0,0,0,10831,27148,32866,23339,12623,5
0,0,0,11255,27175,32732,23248,12797,5
0,0,0,12490,26776,31881,22401,12743,5
0,0,0,13027,26435,31307,21903,12810,5
0,0,0,14444,26357,31150,21903,12851,5
0,0,0,16303,26383,31370,22140,12716,5
0,0,0,16698,26435,31593,22423,12730,5
0,0,0,16499,26618,32205,22910,12743,5
0,0,0,15932,26670,32271,23431,13027,5
0,0,0,15773,26566,32205,23870,12851,5
0,0,0,15726,26592,32205,23824,12810,5
0,0,0,15726,26618,32108,23754,13287,5
0,0,0,15694,26644,32238,23707,13693,5
0,0,0,15647,26644,32140,23615,14224,5
0,0,0,15553,26776,32238,23615,14370,5
0,0,0,15490,26644,32173,23661,14696,5
0,0,0,15428,26618,32205,23661,14756,5
0,0,0,15319,26670,32238,23615,14666,5
0,0,0,15273,26618,32140,23592,14607,5
0,0,0,15242,26592,32173,23615,14607,5
0,0,0,15227,26618,32238,23569,14801,5
0,0,0,15211,26566,32238,23661,14922,5
0,0,0,15227,26935,32566,23847,14967,5
0,0,0,15227,26908,32732,24034,15074,5
0,0,0,15397,27041,33100,24414,15196,5
0,0,0,15710,27122,33337,24897,15227,5
0,0,0,15475,27095,33439,24897,15028,5
0,0,0,15647,27122,33236,24702,14907,5
0,0,0,15584,27015,33202,24702,14891,5
0,0,0,15475,26988,33168,24897,15028,5
0,0,0,15412,27041,33202,24897,14907,5
0,0,0,15366,26882,33033,24775,14108,5
0,0,0,14607,26829,32699,24414,13246,5
0,0,0,13735,26776,32799,24462,12703,5
0,0,0,13027,26644,32599,24414,12293,5
0,0,0,12716,26618,32402,24342,12073,5
0,0,0,12636,26566,32369,24342,11957,5
0,0,0,12464,26513,32303,24510,11919,5
0,0,0,12359,26539,32435,24534,11970,5
0,0,0,12280,26513,32533,24247,12021,5
0,0,0,12267,26513,32435,24081,12021,5
0,0,0,12306,26383,32435,24058,12034,5
0,0,0,12267,26409,32500,24176,12060,5
0,0,0,12385,26644,32435,24558,12293,5
0,0,0,12372,26644,32500,24751,12385,5
0,0,0,12320,26618,32369,24751,12320,5
0,0,0,12385,26618,32303,24702,12346,5
0,0,0,12424,26566,32369,24751,12333,5
0,0,0,12385,26618,32402,24727,12346,5
0,0,0,12372,26566,32435,24751,12293,5
0,0,0,12372,26566,32336,24654,12189,5
0,0,0,12267,26618,32271,24654,12163,5
0,0,0,11983,26592,32271,24606,12112,5
0,0,0,11665,26644,32303,24654,12021,5
0,0,0,11416,26618,32369,24630,12021,5
0,0,0,11280,26618,32336,24558,12009,5
0,0,0,11206,26618,32435,24606,12073,5
0,0,0,11219,26618,32369,24558,12060,5
0,0,0,11268,26618,32369,24510,12073,5
0,0,0,11317,26618,32435,24462,12073,5
0,0,0,11465,26539,32303,24510,12060,5
0,0,0,11628,26566,32369,24366,12073,5
0,0,0,11766,26566,32238,24438,12086,5
0,0,0,11754,26513,32271,24318,12060,5
0,0,0,11691,26461,32303,24414,12021,5
0,0,0,11716,26435,32140,24247,11919,5
0,0,0,11703,26435,32140,24223,11893,5
0,0,0,11665,26331,32010,24247,11855,5
0,0,0,11653,26383,32108,24271,11881,5
0,0,0,11615,26409,32108,24342,11906,5
0,0,0,11691,26435,32075,24318,11906,5
0,0,0,11665,26409,32140,24318,11957,5
0,0,0,11703,26513,32271,24414,12047,5
0,0,0,11653,26409,32140,24414,12021,5
0,0,0,11653,26435,32108,24366,12009,5
0,0,0,11665,26435,32173,24414,12009,5
0,0,0,11665,26383,32238,24342,12047,5
0,0,0,11565,26409,32303,24366,12009,5
0,0,0,11416,26357,32533,24510,12021,5
0,0,0,11465,26305,32402,24486,12021,5
0,0,0,11603,26305,32369,24510,11996,5
0,0,0,11678,26253,32303,24510,12009,5
0,0,0,11766,26305,32271,24462,11983,5
0,0,0,11957,26228,32238,24510,11957,5
0,0,0,12021,26279,32238,24510,11970,5
0,0,0,12163,26253,32108,24414,11932,5
0,0,0,12333,26202,31946,24390,11919,5
0,0,0,12451,25996,31624,24223,11919,5
0,0,0,12490,25920,31497,24176,11906,5
0,0,0,12596,25996,31529,24129,11855,5
0,0,0,12596,25818,31307,24058,11855,5
0,0,0,12543,25616,30499,23615,11830,5
0,0,0,12583,25490,30347,23546,11830,5
0,0,0,12543,25540,30438,23569,11830,5
0,0,0,12543,25616,30408,23615,11855,5
0,0,0,12490,26099,31402,24129,11919,5
0,0,0,12424,26409,32140,24606,11906,5
0,0,0,12398,26461,32140,24654,11881,5
0,0,0,12320,26435,31881,24558,11842,5
0,0,0,12267,26150,31465,24414,11804,5
0,0,0,12073,26099,31213,24247,11766,5
0,0,0,11970,25996,30962,24223,11779,5
0,0,0,11932,25945,30807,24152,11703,5
0,0,0,11868,25818,30622,23964,11615,5
0,0,0,11804,25591,30377,23800,11615,5
0,0,0,11868,25540,30317,23800,11603,5
0,0,0,12034,25591,30195,24034,11716,5
0,0,0,12932,25515,30226,23940,11855,5
0,0,0,13205,25591,30317,23940,11906,5
0,0,0,13412,25490,30286,23894,12060,5
0,0,0,13357,25515,30165,23917,12124,5
0,0,0,13329,25490,30195,23847,12176,5
0,0,0,13287,25540,30165,23847,12150,5
0,0,0,13287,25490,30105,23894,12150,5
0,0,0,13232,25490,30105,23824,12124,5
0,0,0,13398,25415,30135,23800,12099,5
0,0,0,13566,25490,30226,23754,12060,5
0,0,0,13749,25490,30317,23800,12073,5
0,0,0,13806,25490,30469,23847,12215,5
0,0,0,13792,25591,30591,23847,12280,5
0,0,0,13806,25616,30715,23940,12372,5
0,0,0,13792,25591,30776,24034,12543,5
0,0,0,13749,25616,30745,23987,12517,5
0,0,0,13735,25616,30745,24011,12583,5
0,0,0,13707,25616,30807,24058,12583,5
0,0,0,13679,25641,30869,23987,12583,5
0,0,0,13679,25616,30745,24011,12610,5
0,0,0,13636,25666,30745,23987,12623,5
0,0,0,13636,25591,30807,23964,12596,5
0,0,0,13679,25591,30715,23964,12583,5
0,0,0,13735,25591,30622,23964,12556,5
0,0,0,13764,25565,30715,23964,12543,5
0,0,0,13764,25565,30715,23964,12556,5
0,0,0,13849,25591,30561,23894,12556,5
0,0,0,13849,25591,30591,23964,12690,5
0,0,0,13863,25591,30591,23894,12972,5
0,0,0,13863,25591,30499,23870,13109,5
0,0,0,13906,25515,30530,23870,13068,5
0,0,0,13863,25490,30499,23847,13068,5
0,0,0,13849,25490,30438,23894,12972,5
0,0,0,13849,25515,30499,23894,12851,5
0,0,0,13849,25540,30469,23894,12797,5
0,0,0,14079,25515,30499,23870,12797,5
0,0,0,14341,25540,30408,23940,12797,5
0,0,0,14253,25515,30438,23847,12636,5
0,0,0,14151,25490,30469,23917,12610,5
0,0,0,14195,25515,30408,23870,12530,5
0,0,0,14195,25540,30469,23894,12424,5
0,0,0,13978,25490,30469,23847,12372,5
0,0,0,13510,25591,30499,23870,12228,5
0,0,0,12636,25591,30499,23940,12124,5
0,0,0,11944,25616,30499,23940,12163,5
0,0,0,11553,25641,30561,23987,12112,5
0,0,0,11268,25691,30622,23987,12073,5
0,0,0,11170,25641,30653,24011,12137,5
0,0,0,11157,25717,30684,24223,12124,5
0,0,0,11109,25717,30653,24223,12163,5
0,0,0,11084,25616,30715,24294,12150,5
0,0,0,11084,25691,30653,24318,12112,5
0,0,0,11109,25742,30591,24271,12112,5
0,0,0,11133,25616,30591,24247,12060,5
0,0,0,11121,25616,30591,24294,12060,5
0,0,0,11060,25616,30499,24366,11996,5
0,0,0,11060,25641,30561,24366,11983,5
0,0,0,11024,25616,30561,24318,11932,5
0,0,0,11060,25616,30469,24462,11932,5
0,0,0,11012,25591,30408,24558,11906,5
0,0,0,11012,25641,30377,24678,11881,5
0,0,0,11012,25641,30317,24654,11804,5
0,0,0,11036,25515,30347,24630,11804,5
0,0,0,11048,25490,30226,24630,11779,5
0,0,0,11084,25415,30226,24630,11804,5
0,0,0,11354,25316,30286,24534,11754,5
0,0,0,11766,25291,30195,24462,11779,5
0,0,0,12189,25118,30105,24342,11754,5
0,0,0,12464,25019,29984,24318,11766,5
0,0,0,12797,24630,29746,24247,11754,5
0,0,0,12959,24510,29627,24247,11754,5
0,0,0,12851,24462,29627,24176,11766,5
0,0,0,12596,24510,29568,24176,11766,5
0,0,0,12477,24510,29509,24081,11703,5
0,0,0,12543,24414,29391,24034,11653,5
0,0,0,12690,24294,29304,24058,11653,5
0,0,0,12756,24223,29304,24034,11628,5
0,0,0,12851,24223,29304,24011,11653,5
0,0,0,13150,24152,29245,24034,11653,5
0,0,0,13426,24223,29274,24058,11653,5
0,0,0,13524,24247,29274,24058,11703,5
0,0,0,13622,24223,29274,24058,11881,5
0,0,0,13636,24223,29216,24034,12254,5
0,0,0,13679,24223,29216,24081,12320,5
0,0,0,13622,24223,29274,23987,12189,5
0,0,0,13524,24247,29274,24011,12060,5
0,0,0,13454,24271,29245,23964,11855,5
0,0,0,13426,24318,29216,23987,11868,5
0,0,0,13468,24318,29187,23940,11855,5
0,0,0,13482,24318,29245,23987,11817,5
0,0,0,13580,24294,29216,23940,11855,5
0,0,0,13594,24342,29042,23964,11842,5
0,0,0,13594,24390,29071,23987,11855,5
0,0,0,13594,24486,29071,23987,11868,5
0,0,0,13650,24438,29042,24011,11855,5
0,0,0,13679,24462,29100,24034,11868,5
0,0,0,13636,24462,29071,24034,11906,5
0,0,0,13693,24438,29158,23987,11919,5
0,0,0,13735,24462,29071,24034,11906,5
0,0,0,13749,24414,29071,24034,11868,5
0,0,0,13992,24366,29071,23987,11906,5
0,0,0,14326,24390,29100,23987,11893,5
0,0,0,14414,24414,29071,23964,11881,5
0,0,0,14532,24366,29042,24034,11906,5
0,0,0,14444,24342,29100,24034,11919,5
0,0,0,14696,24342,29013,24034,11932,5
0,0,0,14786,24271,29100,23987,11893,5
0,0,0,14861,24247,29071,24034,11944,5
0,0,0,15028,24247,29071,24081,11868,5
0,0,0,15789,24223,29245,24058,11881,5
0,0,0,16385,24247,29274,24105,11906,5
0,0,0,16698,24152,29216,24176,11842,5
0,0,0,16516,24176,29158,24176,11842,5
0,0,0,16060,24152,29042,24176,11817,5
0,0,0,15996,24081,28955,24199,11804,5
0,0,0,15916,24081,28927,24223,11804,5
0,0,0,15916,24105,28984,24152,11804,5
0,0,0,16060,24105,28984,24129,11754,5
0,0,0,16303,24081,28955,24129,11766,5
0,0,0,16238,24034,28898,24129,11766,5
0,0,0,16238,24034,28898,24129,11779,5
0,0,0,16271,24081,28783,24129,11766,5
0,0,0,16238,24081,28840,24129,11766,5
0,0,0,16303,24034,28812,24129,11754,5
0,0,0,15996,24058,28840,24152,11779,5
0,0,0,15932,24034,28898,24129,11792,5
0,0,0,15537,24011,28955,24152,11754,5
0,0,0,15242,24034,28955,24223,11766,5
0,0,0,15135,24081,28898,24176,11754,5
0,0,0,15028,24034,28840,24176,11754,5
0,0,0,14907,24081,28840,24129,11779,5
0,0,0,14355,24058,28812,24176,11754,5
0,0,0,14137,24058,28812,24176,11779,5
0,0,0,13806,24129,28812,24199,11754,5
0,0,0,13921,24081,28812,24129,11728,5
0,0,0,16238,24058,28754,24129,11766,5
0,0,0,16222,24034,28812,24058,11716,5
0,0,0,15964,24034,28783,24081,11766,5
0,0,0,15600,23987,28726,23940,11804,5
0,0,0,15335,24058,28783,23964,11804,5
0,0,0,15058,24034,28812,23987,11804,5
0,0,0,14414,24081,28812,23964,11766,5
0,0,0,13906,24152,28812,23964,11804,5
0,0,0,13735,24152,28840,23987,11779,5
0,0,0,13806,24152,28840,23987,11779,5
0,0,0,13935,24152,28869,23940,11804,5
0,0,0,13863,24081,28840,23940,11804,5
0,0,0,13707,24176,28812,24034,11855,5
0,0,0,13524,24176,28927,23987,11804,5
0,0,0,13510,24223,28869,24011,11855,5
0,0,0,13510,24176,28984,24034,11855,5
0,0,0,13510,24152,28927,23964,11893,5
0,0,0,13566,24129,29013,23917,11906,5
0,0,0,13636,24223,29042,23964,11919,5
0,0,0,13679,24271,29216,24034,11957,5
0,0,0,13665,24390,29538,24058,11957,5
0,0,0,13735,24486,29568,24081,11944,5
0,0,0,13693,24558,29568,24105,11919,5
0,0,0,13679,24606,29568,24176,11906,5
0,0,0,13566,24702,29538,24176,11906,5
0,0,0,13287,24558,29538,24152,11932,5
0,0,0,13260,24247,29100,24176,11957,5
0,0,0,13232,24129,28984,24176,11970,5
0,0,0,13246,24011,29274,24223,12060,5
0,0,0,13205,23847,29686,24318,12150,5
0,0,0,13150,23499,30105,24414,12202,5
0,0,0,13040,23431,30591,24558,12163,5
0,0,0,12623,23569,31370,24897,12073,5
0,0,0,12228,23847,31817,25167,12021,5
0,0,0,12047,24342,32765,25540,12137,5
0,0,0,12034,25019,33168,25641,12320,5
0,0,0,11919,25019,33067,25616,12241,5
0,0,0,11817,24799,33303,25540,12176,5
0,0,0,11817,25093,34271,25843,12372,5
0,0,0,11817,26073,34589,25945,12464,5
0,0,0,11830,27041,34624,25793,12320,5
0,0,0,11855,27718,34731,25691,12372,5
0,0,0,11932,28245,34553,25616,12372,5
0,0,0,12021,28612,34412,25591,12411,5
0,0,0,12112,28697,34482,25440,12398,5
0,0,0,12202,28612,34341,25390,12477,5
0,0,0,12163,28470,34482,25440,12663,5
0,0,0,12254,28442,34482,25390,12703,5
0,0,0,12424,28754,34518,25341,12690,5
0,0,0,12477,28697,34306,25341,12649,5
0,0,0,12490,28726,34341,25291,12610,5
0,0,0,12398,28754,34235,25291,12504,5
0,0,0,12280,28527,34271,25241,12464,5
0,0,0,12189,28470,34235,25266,12438,5
0,0,0,12060,28357,34271,25316,12372,5
0,0,0,11970,28357,34235,25216,12228,5
0,0,0,11932,28273,34271,25291,12112,5
0,0,0,11817,28161,34060,25291,12060,5
0,0,0,11754,28049,34026,25216,11957,5
0,0,0,11703,27911,33956,25192,11932,5
0,0,0,11553,27718,33852,25341,11881,5
0,0,0,11478,27718,33887,25241,11868,5
0,0,0,11453,27718,33783,25241,11842,5
0,0,0,11403,27609,33817,25241,11868,5
0,0,0,11366,27609,33921,25365,11804,5
0,0,0,11304,27472,33887,25465,11792,5
0,0,0,11219,27472,33887,25515,11804,5
0,0,0,11109,27527,33748,25742,11754,5
0,0,0,11036,27527,33645,25641,11754,5
0,0,0,11012,27418,33679,25616,11653,5
0,0,0,10975,27283,33645,25565,11615,5
0,0,0,11024,27256,33508,25415,11653,5
0,0,0,11084,27256,33474,25341,11703,5
0,0,0,11206,27148,33405,25316,11653,5
0,0,0,11280,27068,33405,25216,11628,5
0,0,0,11317,27148,33337,25216,11665,5
0,0,0,11329,27068,33337,25216,11653,5
0,0,0,11416,27041,33337,25167,11665,5
0,0,0,11478,26988,33303,25192,11653,5
0,0,0,11578,27041,33202,25192,11665,5
0,0,0,11754,26935,33067,25142,11628,5
0,0,0,11804,26882,33067,25118,11665,5
0,0,0,11665,26749,32966,25118,11603,5
0,0,0,11766,26749,32932,25068,11565,5
0,0,0,11855,26644,32832,25093,11578,5
0,0,0,11919,26670,32832,25093,11565,5
0,0,0,12009,26644,32699,25093,11590,5
0,0,0,12009,26592,32666,25093,11553,5
0,0,0,12021,26566,32633,25068,11503,5
0,0,0,12073,26513,32633,25142,11553,5
0,0,0,13109,26435,32666,25192,11515,5
0,0,0,13357,26435,32566,25167,11465,5
0,0,0,13177,26461,32599,25192,11503,5
0,0,0,13013,26513,32533,25142,11553,5
0,0,0,12918,26435,32566,25118,11553,5
0,0,0,12851,26435,32533,25093,11528,5
0,0,0,12797,26409,32533,25118,11528,5
0,0,0,12797,26409,32500,25093,11578,5
0,0,0,12864,26409,32467,25068,11553,5
0,0,0,12851,26409,32467,25093,11603,5
0,0,0,12878,26357,32500,25093,11603,5
0,0,0,12918,26357,32467,25118,11553,5
0,0,0,12905,26357,32435,25093,11578,5
0,0,0,12959,26305,32369,25118,11590,5
0,0,0,12918,26331,32369,25093,11565,5
0,0,0,12851,26331,32336,25093,11590,5
0,0,0,12851,26409,32435,25093,11578,5
0,0,0,12756,26305,32435,25093,11553,5
0,0,0,12690,26253,32369,25142,11553,5
0,0,0,12690,26305,32369,25093,11528,5
0,0,0,12663,26279,32303,25093,11503,5
0,0,0,12690,26253,32303,25093,11503,5
0,0,0,12851,26202,32271,25093,11515,5
0,0,0,12743,26305,32336,25068,11503,5
0,0,0,12690,26279,32369,25044,11453,5
0,0,0,12716,26305,32369,25019,11503,5
0,0,0,12649,26253,32369,25044,11503,5
0,0,0,12424,26228,32369,25019,11465,5
0,0,0,12320,26202,32238,25093,11453,5
0,0,0,12267,26202,32238,25044,11478,5
0,0,0,12202,26124,32173,25093,11478,5
0,0,0,12176,26202,32205,25093,11503,5
0,0,0,12163,26099,32173,25019,11465,5
0,0,0,12124,26047,32108,25044,11478,5
0,0,0,12060,26228,32271,25044,11503,5
0,0,0,11919,26228,32271,25093,11553,5
0,0,0,11906,26176,32271,25093,11528,5
0,0,0,11842,26176,32271,25142,11528,5
0,0,0,11842,26228,32271,25093,11503,5
0,0,0,11817,26202,32369,25118,11578,5
0,0,0,11830,26150,32271,25044,11578,5
0,0,0,11855,26099,31978,24799,11565,5
0,0,0,11855,26073,31913,24702,11628,5
0,0,0,11855,26047,31881,24654,11578,5
0,0,0,11855,26047,31946,24727,11615,5
0,0,0,11868,25996,31913,24630,11553,5
0,0,0,11868,26022,31849,24654,11603,5
0,0,0,11996,25996,31849,24630,11603,5
0,0,0,12163,25996,31752,24606,11603,5
0,0,0,12215,26022,31817,24630,11653,5
0,0,0,12359,26073,31752,24606,11665,5
0,0,0,12398,25920,31752,24606,11653,5
0,0,0,12385,25894,31785,24582,11653,5
0,0,0,12359,25945,31785,24606,11653,5
0,0,0,12320,25869,31720,24534,11628,5
0,0,0,12320,25843,31720,24606,11653,5
0,0,0,12267,25767,31720,24630,11678,5
0,0,0,12267,25793,31529,24630,11716,5
0,0,0,12267,25691,31593,24654,11728,5
0,0,0,12280,25440,30653,24751,11754,5
0,0,0,12280,25167,30408,24727,11830,5
0,0,0,12385,24921,30105,24751,11817,5
0,0,0,12438,24824,30075,24751,11817,5
0,0,0,12477,24702,29895,24824,11766,5
0,0,0,12438,24799,30165,25068,11728,5
0,0,0,12320,25142,31150,25192,11703,5
0,0,0,12254,25945,33168,25291,11766,5
0,0,0,12228,26566,34482,25742,11855,5
0,0,0,12267,26855,34731,25793,11957,5
0,0,0,12280,26802,34412,25793,12060,5
0,0,0,12346,26566,34130,25465,12034,5
0,0,0,12385,26566,33887,25291,11970,5
0,0,0,12385,26566,33991,25167,12009,5
0,0,0,12464,26566,33956,25093,11983,5
0,0,0,12583,26723,34306,25019,12009,5
0,0,0,12690,26988,34412,25044,11983,5
0,0,0,12743,27202,34412,24995,12009,5
0,0,0,12797,27175,34341,24921,11996,5
0,0,0,12810,27418,34341,24848,11983,5
0,0,0,12878,27391,34341,24824,12021,5
0,0,0,12905,27581,34341,24824,12034,5
0,0,0,12959,27636,34376,24727,11983,5
0,0,0,12959,27718,34376,24799,11983,5
0,0,0,12959,27773,34341,24702,11970,5
0,0,0,12918,27828,34306,24702,11983,5
0,0,0,12918,27745,34271,24727,11970,5
0,0,0,12918,27800,34271,24630,11970,5
0,0,0,12918,27745,34200,24727,12021,5
0,0,0,13095,27745,34200,24630,11970,5
0,0,0,13412,27691,34130,24606,12009,5
0,0,0,13566,27636,34130,24534,12009,5
0,0,0,13552,27609,34060,24606,11983,5
0,0,0,13580,27581,34026,24510,11957,5
0,0,0,13552,27609,34060,24582,11970,5
0,0,0,13468,27527,33991,24510,11970,5
0,0,0,13440,27581,33921,24558,11919,5
0,0,0,13343,27364,33887,24606,11868,5
0,0,0,13260,27364,33748,24510,11855,5
0,0,0,13191,27364,33748,24582,11830,5
0,0,0,13150,27256,33714,24606,11804,5
0,0,0,13068,27202,33714,24534,11766,5
0,0,0,13054,27256,33611,24606,11804,5
0,0,0,12918,27068,33679,24558,11779,5
0,0,0,12918,26988,33611,24534,11804,5
0,0,0,12918,26961,33576,24606,11779,5
0,0,0,12878,27041,33542,24462,11804,5
0,0,0,12878,26961,33611,24630,11779,5
0,0,0,12905,26961,33439,24510,11766,5
0,0,0,12918,26855,33576,24582,11804,5
0,0,0,12905,26829,33439,24534,11804,5
0,0,0,12905,26723,33371,24438,11804,5
0,0,0,12918,26566,33236,24534,11817,5
0,0,0,12905,26409,33202,24486,11779,5
0,0,0,12891,26357,33033,24558,11817,5
0,0,0,12905,26357,33033,24534,11804,5
0,0,0,12905,26305,32966,24510,11804,5
0,0,0,12959,26202,32932,24510,11817,5
0,0,0,12959,26202,32899,24534,11830,5
0,0,0,12945,26150,32799,24510,11855,5
0,0,0,12959,26124,32832,24438,11804,5
0,0,0,12972,26228,32799,24438,11855,5
0,0,0,13013,26202,32832,24414,11855,5
0,0,0,13013,26202,32799,24414,11855,5
0,0,0,12972,26228,32799,24438,11830,5
0,0,0,12972,26202,32799,24414,11817,5
0,0,0,12972,26099,32832,24366,11817,5
0,0,0,13013,26099,32765,24366,11754,5
0,0,0,12972,26176,32765,24414,11855,5
0,0,0,12972,26202,32799,24438,11830,5
0,0,0,12959,26124,32699,24366,11830,5
0,0,0,12945,26124,32765,24414,11855,5
0,0,0,12959,26073,32666,24462,11804,5
0,0,0,12959,26150,32765,24414,11830,5
0,0,0,12932,26073,32765,24414,11804,5